Диалог,Правило,Результат,Нужна проверка QA,Причина,Пояснение,Комментарий QA,Цитата,Рекомендация
modamart__0_transcript,Эмпатия,Получилось,Нет,Эмпатия выражена,Продавец явно признаёт и понимает опасения клиента о качестве и размере товара.,Есть явное признание и понимание беспокойств клиента.,I completely understand your concerns.,Подход корректный
modamart__1_transcript,Эмпатия,Получилось,Нет,Эмпатия выражена,Продавец признал опасения клиента по поводу теплоты и водостойкости курток.,"Продавец признал и ответил на обеспокоенность клиента по поводу свойств утеплителя, что является проявлением эмпатии.","That’s a great point. Down is incredibly warm, but it can lose its insulating properties when wet. Synthetic insulation, on the other hand, retains warmth even when damp.",Подход корректный
modamart__2_transcript,Эмпатия,Получилось,Нет,Эмпатия выражена,Продавец явно признал ситуацию клиента и его опасения.,Продавец признал ситуацию клиента словами 'I understand your concerns.'.,I understand your concerns.,Подход корректный
modamart__3_transcript,Эмпатия,Получилось,Нет,Эмпатия выражена,Продавец выразил сочувствие по поводу проблем с онлайн-шопингом клиента.,Продавец выразил сожаление и признание проблем клиента в сообщении 5.,"I'm really sorry to hear that. At ModaMart, we offer a detailed sizing guide to help with the fit, and our return process is designed to be hassle-free.",Подход корректный
modamart__4_transcript,Эмпатия,Получилось,Нет,Эмпатия выражена,Продавец выразил понимание и соболезнование по поводу неудачного опыта клиента с другим брендом.,Продавец выразил понимание и признание проблемы клиента в ответе о неудачном опыте.,I understand your concern. The Model X jacket is one of our premium products made with high-quality insulation and weather-resistant materials.,Подход корректный
modamart__0_transcript,Приветствие,Получилось,Нет,Приветствие в нужном окне,Приветствие присутствует в первых трёх сообщениях продавца.,Приветствие правильно дано в первом сообщении продавца.,"Hi there! Thank you for taking the time to speak with me today. My name is Jamie, and I’m a sales representative from ModaMart. How are you today?",Подход корректный
modamart__1_transcript,Приветствие,Получилось,Нет,Приветствие в нужном окне,Приветствие произошло в первом сообщении продавца.,"Приветствие было в первом сообщении продавца, что соответствует требованию приветствия в первых трех сообщениях.","Good morning, this is Sarah from ModaMart. How can I assist you today?",Подход корректный
modamart__2_transcript,Приветствие,Получилось,Нет,Приветствие в нужном окне,Продавец поприветствовал клиента в первых трех сообщениях.,"Приветствие есть в первом сообщении продавца, что соответствует правилам.","Hi there, this is Jake from ModaMart. How are you today?",Подход корректный
modamart__3_transcript,Приветствие,Получилось,Нет,Приветствие в нужном окне,Приветствие присутствует в первом сообщении продавца.,Приветствие присутствует в первом сообщении продавца.,Good afternoon! Thank you for calling ModaMart. My name is Alex. How can I assist you today?,Подход корректный
modamart__4_transcript,Приветствие,Получилось,Нет,Приветствие в нужном окне,В приветствии продавец представился и поприветствовал клиента в первых трех сообщениях.,"Приветствие присутствует в первом сообщении продавца, в пределах первых трёх сообщений.","Good afternoon, thank you for calling ModaMart. My name is Sarah, how can I assist you today?",Подход корректный
modamart__0_transcript,Допродажа,Получилось,Нет,Есть уместная допродажа,"Есть предложение скидки как мотивация к покупке, что является дополнительным коммерческим шагом.",Присутствует предложение скидки как элемент допродажи.,"I can also offer you a 10% discount on your first purchase, which might make taking the plunge a bit easier.",Подход корректный
modamart__1_transcript,Допродажа,Получилось,Нет,Есть уместная допродажа,Продавец предложил экспресс-доставку как платный следующий шаг.,"В диалоге есть рекомендация экспресс-доставки как платного следующего шага, что соответствует правилу допродажи.","In that case, I’d recommend our express shipping option.",Подход корректный
modamart__2_transcript,Допродажа,Получилось,Нет,Есть уместная допродажа,Продавец предложил скидочный код как следующий платный шаг.,Есть предложение скидочного кода как следующий платный шаг.,We currently have a 15% off promotion for first-time online customers. I can send you a discount code if you're interested.,Подход корректный
modamart__3_transcript,Допродажа,Получилось,Нет,Есть уместная допродажа,Предложена программа лояльности с дополнительными скидками и специальное предложение скидки 20% на первую покупку.,"Есть предложение программы лояльности и скидки на первый заказ, что является корректным upsell.","Plus, if you sign up for our ModaMart Rewards program, you’ll receive exclusive discounts and early access to sales. As a new customer, we can offer you a 20% discount on your first purchase.",Подход корректный
modamart__4_transcript,Допродажа,Получилось,Нет,Есть уместная допродажа,"Продавец предложил вариант рассрочки с 0% ставкой, что является платным следующим шагом.","Есть предложение рассрочки с 0% ставкой, что является явной допродажей.","Yes, we do offer financing options. You can break down the cost into manageable monthly payments at 0% interest if paid within 6 months.",Подход корректный
